

         

[{"header_widget_area":["text-4"],"header_widget_area2":["jaw_ecommerce_widget-2"],"footer1":["text-7"],"footer2":["text-8"],"footer3":["woocommerce_product_tag_cloud-2"],"footer4":["text-11"],"sidebar-1":["categories-3","wysija-2","jwratingwidget-2","tag_cloud-2"],"shortcode-menu":["nav_menu-2"],"featured-footer-1":["woocommerce_products-2"],"featured-footer-2":["woocommerce_top_rated_products-3"],"featured-footer-3":["woocommerce_recent_reviews-2"],"featured-footer-4":["woocommerce_products-3"],"sidebar-category":["woocommerce_product_categories-3","widget_sp_image-4","woocommerce_price_filter-2","woocommerce_layered_nav-6","woocommerce_layered_nav-7","woocommerce_recently_viewed_products-6","widget_sp_image-6"],"collection":["widget_sp_image-2","woocommerce_recently_viewed_products-4","woocommerce_top_rated_products-6"],"keni-sidebar":["widget_sp_image-3","text-6","woocommerce_widget_cart-2","woocommerce_layered_nav-4","woocommerce_product_tag_cloud-3","widget_sp_image-15"],"petit-sidebar":["widget_sp_image-5","woocommerce_widget_cart-3","yith-woocompare-widget-2","woocommerce_recently_viewed_products-5"],"sidebar-women":["woocommerce_product_categories-4","widget_sp_image-7","woocommerce_price_filter-3","woocommerce_layered_nav-8","woocommerce_layered_nav-9","widget_sp_image-8","woocommerce_recently_viewed_products-7"],"sidebar-men":["woocommerce_product_categories-5","widget_sp_image-9","woocommerce_price_filter-4","woocommerce_layered_nav-10","woocommerce_layered_nav-11","widget_sp_image-10","woocommerce_recently_viewed_products-8"],"jeans-sitebar":["woocommerce_price_filter-5","widget_sp_image-11","woocommerce_layered_nav-12","woocommerce_layered_nav-13","widget_sp_image-12","woocommerce_recently_viewed_products-9"],"contact":["text-10","tag_cloud-6"],"sidebar-testimonial":["widget_sp_image-13","jwtwitterwidget-4","tag_cloud-7"],"sidebar-post-types":["widget_sp_image-16","jaw_latest_post_widget-2","jwratingwidget-3"],"sidebar-blog":["categories-7","widget_sp_image-17","woocommerce_products-4","widget_sp_image-18","jwtwitterwidget-5"],"sidebar-woocommerce":["woocommerce_product_categories-7","widget_sp_image-19","woocommerce_recent_reviews-3","widget_sp_image-20"],"widget-menu-area-1":["woocommerce_product_categories-6","widget_sp_image-14","woocommerce_top_rated_products-4","tag_cloud-9"]},{"":{"ction":null,"_multiwidget":null,"wpnonce":null,"wp_http_referer":null},"text":{"4":{"title":"","text":"<img alt=\"\" src=\"http:\/\/some______________url\/goodstore\/goodstore06\/wp-content\/uploads\/sites\/7\/2014\/11\/freeshipping-grey-31.png\">","filter":false},"7":{"title":"Company Info","text":"Donec eu libero sit amet quam egestas semper. Aenean ultricies mi vitae est. \r\n\r\n\r\nPhone: <a href=\"skype:+673102905540?call\">(01) 102 902 5400<\/a>\r\nFax: <a href=\"skype:+673102902540?call\">(01) 102 902 5400<\/a>\r\nEmail: <a href=\"mailto:support@goodstore.com?Subject=GoodStore\">support@goodstore.com<\/a>","filter":true},"8":{"title":"Payment & Shipping","text":"[jaw_list title=\"\" icon=\"icon-checkmark\"] [jaw_list_item list =\"<a href=\\'#\\'>Payment Methods<\/a>\" ][jaw_list_item list =\"<a href=\\'#\\'>Shipping Guide<\/a>\" ][jaw_list_item list =\"<a href=\\'#\\'>Payment Accept<\/a>\" ][\/jaw_list][jaw_image image=\"2040\" lightbox=\"0\" link=\"\" target=\"_self\" hover_image=\"\" box_size=\"original\"] \r\n","filter":true},"11":{"title":"About Store","text":"<img style=\"display: inline;width:98px; height:auto; float:left; margin-right:10px\" class=\"builder-image lazy\" src=\"http:\/\/some______________url\/goodstore\/goodstore01\/wp-content\/uploads\/sites\/4\/2014\/03\/logo-small-footer.png\" data-original=\"http:\/\/some______________url\/goodstore\/goodstore01\/wp-content\/uploads\/sites\/4\/2014\/03\/logo-small-footer.png\" alt=\"\" title=\"\">Sed pellentesque, nulla et venenatis vehicula, lacus diam commodo velit, vitae facilisis libero libero sed dui.","filter":false},"6":{"title":"","text":"[jaw_accordion][jaw_accordion_item class=\"collapse\" title=\"FREE SHIPPING\"]Excepteur sint occaecat cupidatat non proident, sunt in culpa qui officia deserunt mollit anim id est laborum.[\/jaw_accordion_item][jaw_accordion_item class=\"collapse\" title=\"Returns All the Time\"]Excepteur sint occaecat cupidatat non proident, sunt in culpa qui officia deserunt mollit anim id est laborum.[\/jaw_accordion_item][\/jaw_accordion]","filter":false},"10":{"title":"Contact Form","text":"[contact-form-7 id=\"1844\" title=\"Sidebar\"]","filter":false},"_multiwidget":1},"jaw_ecommerce_widget":{"2":{"login_show":1,"wishlist_show":1,"cart_show":1},"_multiwidget":1},"woocommerce_product_tag_cloud":{"2":{"title":"Product Tags"},"3":{"title":"Product Tags"},"_multiwidget":1},"categories":{"3":{"title":"","count":1,"hierarchical":1,"dropdown":0},"7":{"title":"Categories","count":1,"hierarchical":1,"dropdown":0},"_multiwidget":1},"wysija":{"2":{"title":"Subscribe to our Newsletter","form":"1"},"_multiwidget":1},"jwratingwidget":{"2":{"ratings_title":"Ratings","ratings_categories":"","rats_num_of_posts":"3"},"3":{"ratings_title":"Ratings","ratings_categories":"42,43,44","rats_num_of_posts":"3"},"_multiwidget":1},"tag_cloud":{"2":{"title":"Tags","taxonomy":"post_tag"},"6":{"title":"Tags","taxonomy":"product_tag"},"7":{"title":"Tags","taxonomy":"post_tag"},"9":{"title":"","taxonomy":"post_tag"},"_multiwidget":1},"nav_menu":{"2":{"title":"","nav_menu":68},"_multiwidget":1},"woocommerce_products":{"2":{"title":"On-sale Products","number":"3","show":"onsale","orderby":"date","order":"desc"},"3":{"title":"Featured Products","number":"3","show":"featured","orderby":"date","order":"desc","hide_free":0,"show_hidden":0},"4":{"title":"Must Have","number":"5","show":"","orderby":"date","order":"desc","hide_free":0,"show_hidden":0},"_multiwidget":1},"woocommerce_top_rated_products":{"3":{"title":"Top Rated Products","number":"3"},"6":{"title":"Top Rated","number":"5"},"4":{"title":"Top Rated Products","number":"2"},"_multiwidget":1},"woocommerce_recent_reviews":{"2":{"title":"Products Reviews","number":"3"},"3":{"title":"Recent Reviews","number":"5"},"_multiwidget":1},"woocommerce_product_categories":{"3":{"title":"Product Categories","orderby":"order","hierarchical":"1","count":"1","dropdown":0,"show_children_only":"1"},"4":{"title":"Product Categories","orderby":"order","dropdown":0,"count":"1","hierarchical":"1","show_children_only":"1"},"5":{"title":"Product Categories","orderby":"order","dropdown":0,"count":"1","hierarchical":"1","show_children_only":0},"7":{"title":"Product Categories","orderby":"order","dropdown":0,"count":"1","hierarchical":"1","show_children_only":0},"6":{"title":"Product Categories","orderby":"name","dropdown":0,"count":"1","hierarchical":"1","show_children_only":0},"_multiwidget":1},"widget_sp_image":{"4":{"title":"","description":"","link":"","linktarget":"_self","width":275,"height":148,"size":"full","align":"none","alt":"","imageurl":"http:\/\/some______________url\/goodstore\/goodstore01\/wp-content\/uploads\/sites\/4\/2014\/03\/category-jeans-Keni-small.png","aspect_ratio":1.0147601476015,"attachment_id":1413},"6":{"title":"","description":"","link":"","linktarget":"_self","width":275,"height":181,"size":"full","align":"none","alt":"","imageurl":"http:\/\/some______________url\/goodstore\/goodstore01\/wp-content\/uploads\/sites\/4\/2014\/03\/category-petit-small.png","aspect_ratio":1.0147601476015,"attachment_id":1412},"2":{"title":"","description":"","link":"","linktarget":"_self","width":275,"height":275,"size":"full","align":"none","alt":"","imageurl":"http:\/\/some______________url\/goodstore\/goodstore01\/wp-content\/uploads\/sites\/4\/2014\/03\/Collection-button.png","aspect_ratio":1,"attachment_id":1240},"3":{"title":"","description":"","link":"","linktarget":"_self","width":275,"height":271,"size":"full","align":"none","alt":"","imageurl":"http:\/\/some______________url\/goodstore\/goodstore01\/wp-content\/uploads\/sites\/4\/2014\/03\/category-jeans-keni.png","aspect_ratio":1.0147601476015,"attachment_id":1255},"15":{"title":"","description":"","link":"","linktarget":"_self","width":275,"height":271,"size":"full","align":"none","alt":"","imageurl":"http:\/\/some______________url\/goodstore\/goodstore01\/wp-content\/uploads\/sites\/4\/2014\/03\/collection-banner.jpg","aspect_ratio":1.0147601476015,"attachment_id":2029},"5":{"title":"","description":"","link":"","linktarget":"_self","width":275,"height":271,"size":"full","align":"none","alt":"","imageurl":"http:\/\/some______________url\/goodstore\/goodstore01\/wp-content\/uploads\/sites\/4\/2014\/03\/petit-big-logo.png","aspect_ratio":1.0147601476015,"attachment_id":1409},"7":{"title":"","description":"Petit Clothing","link":"","linktarget":"_self","width":275,"height":271,"size":"full","align":"none","alt":"","imageurl":"http:\/\/some______________url\/goodstore\/goodstore01\/wp-content\/uploads\/sites\/4\/2014\/03\/petit-big-logo.png","aspect_ratio":1.0147601476015,"attachment_id":1409},"8":{"title":"","description":"","link":"","linktarget":"_self","width":275,"height":271,"size":"full","align":"none","alt":"","imageurl":"http:\/\/some______________url\/goodstore\/goodstore01\/wp-content\/uploads\/sites\/4\/2014\/03\/category-jeans-keni.png","aspect_ratio":1.0147601476015,"attachment_id":1257},"9":{"title":"","description":"","link":"","linktarget":"_self","width":275,"height":271,"size":"full","align":"none","alt":"","imageurl":"http:\/\/some______________url\/goodstore\/goodstore01\/wp-content\/uploads\/sites\/4\/2014\/03\/category-jeans-keni.png","aspect_ratio":1.0147601476015,"attachment_id":1257},"10":{"title":"","description":"","link":"","linktarget":"_self","width":275,"height":271,"size":"full","align":"none","alt":"","imageurl":"http:\/\/some______________url\/goodstore\/goodstore01\/wp-content\/uploads\/sites\/4\/2014\/03\/petit-big-logo.png","aspect_ratio":1.0147601476015,"attachment_id":1409},"11":{"title":"","description":"","link":"","linktarget":"_self","width":275,"height":148,"size":"full","align":"none","alt":"","imageurl":"http:\/\/some______________url\/goodstore\/goodstore01\/wp-content\/uploads\/sites\/4\/2014\/03\/category-jeans-Keni-small.png","aspect_ratio":1.8581081081081,"attachment_id":1413},"12":{"title":"","description":"","link":"","linktarget":"_self","width":275,"height":181,"size":"full","align":"none","alt":"","imageurl":"http:\/\/some______________url\/goodstore\/goodstore01\/wp-content\/uploads\/sites\/4\/2014\/03\/category-petit-small.png","aspect_ratio":1.5193370165746,"attachment_id":1412},"13":{"title":"","description":"","link":"#","linktarget":"_blank","width":375,"height":160,"size":"full","align":"none","alt":"printed-catalog","imageurl":"http:\/\/some______________url\/goodstore\/goodstore01\/wp-content\/uploads\/sites\/4\/2013\/12\/printed-catalog.jpg","aspect_ratio":2.34375,"attachment_id":790},"16":{"title":"","description":"","link":"#","linktarget":"_self","width":275,"height":271,"size":"full","align":"none","alt":"","imageurl":"http:\/\/some______________url\/goodstore\/goodstore01\/wp-content\/uploads\/sites\/4\/2014\/03\/collection-banner.jpg","aspect_ratio":1.0147601476015,"attachment_id":2034},"17":{"title":"","description":"","link":"#","linktarget":"_self","width":275,"height":271,"size":"full","align":"none","alt":"","imageurl":"http:\/\/some______________url\/goodstore\/goodstore01\/wp-content\/uploads\/sites\/4\/2014\/03\/collection-banner.jpg","aspect_ratio":1.0147601476015,"attachment_id":2034},"18":{"title":"","description":"","link":"#","linktarget":"_self","width":275,"height":271,"size":"full","align":"none","alt":"","imageurl":"http:\/\/some______________url\/goodstore\/goodstore01\/wp-content\/uploads\/sites\/4\/2014\/03\/category-jeans-keni.png","aspect_ratio":1.0147601476015,"attachment_id":1257},"19":{"title":"","description":"","link":"","linktarget":"_self","width":275,"height":271,"size":"full","align":"none","alt":"","imageurl":"http:\/\/some______________url\/goodstore\/goodstore01\/wp-content\/uploads\/sites\/4\/2014\/03\/collection-banner.jpg","aspect_ratio":1.0147601476015,"attachment_id":2034},"20":{"title":"","description":"","link":"","linktarget":"_self","width":275,"height":271,"size":"full","align":"none","alt":"","imageurl":"http:\/\/some______________url\/goodstore\/goodstore01\/wp-content\/uploads\/sites\/4\/2014\/03\/category-jeans-keni.png","aspect_ratio":1.0147601476015,"attachment_id":1257},"14":{"title":"","description":"","link":"#","linktarget":"_blank","width":275,"height":230,"size":"full","align":"none","alt":"","imageurl":"http:\/\/some______________url\/goodstore\/goodstore01\/wp-content\/uploads\/sites\/4\/2014\/03\/menu-banner-collection.jpg","aspect_ratio":2.1417004048583,"attachment_id":2033},"_multiwidget":1},"woocommerce_price_filter":{"2":{"title":"Filter by price"},"3":{"title":"Filter by Price"},"4":{"title":"Filter by Price"},"5":{"title":"Filter by price"},"_multiwidget":1},"woocommerce_layered_nav":{"6":{"title":"Color","attribute":"color","display_type":"dropdown","query_type":"and"},"7":{"title":"Size","attribute":"size","display_type":"dropdown","query_type":"and"},"4":{"title":"Filter by","attribute":"color","display_type":"list","query_type":"and"},"8":{"title":"Filter by Size","attribute":"size","display_type":"dropdown","query_type":"and"},"9":{"title":"Filter by Color","attribute":"color","display_type":"dropdown","query_type":"and"},"10":{"title":"Filter by Size","attribute":"size","display_type":"dropdown","query_type":"and"},"11":{"title":"Filter by Color","attribute":"color","display_type":"dropdown","query_type":"and"},"12":{"title":"Filter by Size","attribute":"size","display_type":"list","query_type":"and"},"13":{"title":"Filter by Color","attribute":"color","display_type":"list","query_type":"and"},"_multiwidget":1},"woocommerce_recently_viewed_products":{"6":{"title":"Recently Viewed","number":"3"},"4":{"title":"Recently Viewed","number":"3"},"5":{"title":"Recently Viewed","number":"3"},"7":{"title":"Recently Viewed","number":"5"},"8":{"title":"Recently Viewed","number":"5"},"9":{"title":"Recently Viewed","number":"5"},"_multiwidget":1},"woocommerce_widget_cart":{"2":{"title":"Cart","hide_if_empty":"1"},"3":{"title":"Cart","hide_if_empty":"1"},"_multiwidget":1},"yith-woocompare-widget":{"2":{"title":"Compare"},"_multiwidget":1},"jwtwitterwidget":{"4":{"widget_title":"Latest Tweets","user_name":"jawtemplates","tweet_count":"3","tweet_actualizate":"60"},"5":{"widget_title":"Latest Tweets","user_name":"jawtemplates","tweet_count":"5","tweet_actualizate":"60"},"_multiwidget":1},"jaw_latest_post_widget":{"2":{"latest_post_title":"Fashion Blog","posts_categories":"42","number_of_posts":"3"},"_multiwidget":1}}]